{"Sites":[null,"https://www.facebook.com/","https://www.messenger.com/","https://www.instagram.com/","https://discord.com/channels/@me","d","e","f","g","h"],"Programs":[null,"Site","Site",null,"Word","Google","Excel","Outlook","links klik","rechts klik"],"VarPrograms":[null,"winword","https://www.google.com/",null,"winword","https://www.google.com/","excel","outlook","excel","winword"],"Site":[false,true,true,false,false,false,false,false,false,false],"Links":[false,false,false,false,false,false,false,false,true,false],"Rechts":[false,false,false,false,false,false,false,false,false,true]}